{"ELGnotqso": {"z": [0.62, 0.64, 0.66, 0.68, 0.7, 0.72, 0.74, 0.76, 0.78, 0.8, 0.82, 0.84, 0.86, 0.88, 0.9, 0.92, 0.94, 0.96, 0.98, 1.0, 1.02, 1.04, 1.06, 1.08, 1.1, 1.12, 1.14, 1.16, 1.18, 1.2, 1.22, 1.24, 1.26, 1.28, 1.3, 1.32, 1.34, 1.36, 1.38, 1.4, 1.42, 1.44, 1.46, 1.48, 1.5, 1.52, 1.54, 1.56, 1.58, 1.6], "nz": [0.00010924142195907709, 0.0001495640642963587, 0.00014426093516082904, 0.00022759295215366487, 0.000251957057290413, 0.00041716163504071987, 0.0005582083527970333, 0.00069973102658492, 0.0008142009383380862, 0.0009508101863592339, 0.0010177739093347258, 0.001112075201584982, 0.0011950909058181195, 0.001083369015599254, 0.0011772227619375017, 0.0011831508706456433, 0.0011496156563852741, 0.0012177511850097193, 0.001181997706243457, 0.0010161106557197118, 0.0008903631691632927, 0.0008419704773401503, 0.0008735507761788071, 0.0008052257344263313, 0.0007373169836774422, 0.0007116796430044485, 0.0007030739903935003, 0.0007063212938232105, 0.0006939697355441469, 0.0006597436367448617, 0.0006683171173306102, 0.0006036815375841604, 0.0005638478477880018, 0.0005326239049313945, 0.0005788993492718106, 0.0005348291214385509, 0.0005027664716596218, 0.0005144442601044238, 0.0004487600628340549, 0.00046137428030096567, 0.0004473740659198389, 0.00039951118911917737, 0.0004050415361963961, 0.000422206735970418, 0.00031593242374948586, 0.00030557522044128484, 0.00027681736868065215, 0.00028736885712389744, 0.00027859308497178074, 0.0001335725484446803]}, "ELG_HIPnotqso": {"z": [0.62, 0.64, 0.66, 0.68, 0.7, 0.72, 0.74, 0.76, 0.78, 0.8, 0.82, 0.84, 0.86, 0.88, 0.9, 0.92, 0.94, 0.96, 0.98, 1.0, 1.02, 1.04, 1.06, 1.08, 1.1, 1.12, 1.14, 1.16, 1.18, 1.2, 1.22, 1.24, 1.26, 1.28, 1.3, 1.32, 1.34, 1.36, 1.38, 1.4, 1.42, 1.44, 1.46, 1.48, 1.5, 1.52, 1.54, 1.56, 1.58, 1.6], "nz": [8.900260127542298e-05, 0.00011919295229552697, 0.00011599708044069662, 0.0001870056336543398, 0.00020282854681393463, 0.00032410670081320755, 0.00041282144489284713, 0.0004820710610839037, 0.0005405292375627833, 0.0006293305589177968, 0.0006623404364121566, 0.000687909441724113, 0.0007599925304164639, 0.0007066928574973728, 0.0007718181997981839, 0.0007708603128157455, 0.000729962524833022, 0.0007738547528497083, 0.0007838951172254677, 0.0007018842855997983, 0.0006407672504288608, 0.0006180784510126571, 0.0006575772846954828, 0.0006264847419969785, 0.0005660771254050719, 0.0005519558308026386, 0.0005559394077713083, 0.0005650725608901182, 0.0005487516686603696, 0.0005430065203481744, 0.0005485528135428403, 0.000511651011285055, 0.0004811184719624388, 0.0004515898448543548, 0.0004997603062915076, 0.0004616259614546391, 0.000445215876889432, 0.00046184095848582417, 0.0004110079892693326, 0.0004280242157009298, 0.00041909848898795247, 0.0003740211078466812, 0.00038241163216773324, 0.00040137028533955023, 0.0003068910638235021, 0.00029586622557977067, 0.0002700968416262374, 0.00027964362942227525, 0.0002719318860458079, 0.00013024907906990143]}, "LRG": {"z": [0.42, 0.44, 0.46, 0.48, 0.5, 0.52, 0.54, 0.56, 0.58, 0.6, 0.62, 0.64, 0.66, 0.68, 0.7, 0.72, 0.74, 0.76, 0.78, 0.8, 0.82, 0.84, 0.86, 0.88, 0.9, 0.92, 0.94, 0.96, 0.98, 1.0, 1.02, 1.04, 1.06, 1.08], "nz": [0.000593807934357345, 0.0005786893896552287, 0.0005482970740483929, 0.0005761566014941273, 0.0006351315961513137, 0.0006877129463142246, 0.0006569992981510825, 0.000674772155401698, 0.0005995767156207378, 0.0006931142189887719, 0.000713546036063352, 0.0008157775347779878, 0.0006689046215295515, 0.0007631623488159496, 0.0005741392198336783, 0.0005995813786293919, 0.0006600086836126382, 0.0006829669498711302, 0.0007194514408159339, 0.0007734409747805679, 0.0007126228842377698, 0.000629968098619274, 0.0006694168904785576, 0.0005518155619791882, 0.0005499615957839288, 0.00046065863918480466, 0.00040585028605027453, 0.00039824446532895697, 0.00033025078734103154, 0.00024762767893905986, 0.00020217389140095028, 0.00017334387565056184, 0.0001526037591231173, 0.00011801308707531778]}, "LRG_main": {"z": [0.42, 0.44, 0.46, 0.48, 0.5, 0.52, 0.54, 0.56, 0.58, 0.6, 0.62, 0.64, 0.66, 0.68, 0.7, 0.72, 0.74, 0.76, 0.78, 0.8, 0.82, 0.84, 0.86, 0.88, 0.9, 0.92, 0.94, 0.96, 0.98, 1.0, 1.02, 1.04, 1.06, 1.08], "nz": [0.0005164497482947493, 0.0005035328212464466, 0.0004687589494257055, 0.0004827811022697713, 0.0005172059719567, 0.0005577780334700235, 0.0005224794963917963, 0.0005249245617361983, 0.00046530614068210693, 0.000538187814424455, 0.0005506367891402194, 0.0006274213352921213, 0.0004970137727147288, 0.0005757964524590502, 0.00043836766969798495, 0.0004598602334239365, 0.0005031882144223919, 0.0005201547916432686, 0.0005585050721276332, 0.0005961393113022373, 0.0005522243964526535, 0.0004782455774509119, 0.0005104391732713908, 0.000409612257837589, 0.0004152206788993519, 0.0003395499660976589, 0.0002974264485196882, 0.0002829085214029691, 0.00023616286099500331, 0.0001738381506448727, 0.0001358091903193186, 0.00011643675532623633, 0.00010054626113041452, 7.688075107226429e-05]}, "QSO": {"z": [0.62, 0.68, 0.72, 0.77, 0.82, 0.88, 0.92, 0.98, 1.02, 1.07, 1.12, 1.17, 1.23, 1.27, 1.32, 1.38, 1.42, 1.48, 1.52, 1.57, 1.62, 1.67, 1.72, 1.78, 1.82, 1.88, 1.92, 1.98, 2.02, 2.07, 2.12, 2.17, 2.22, 2.28, 2.32, 2.38, 2.42, 2.47, 2.52, 2.58, 2.62, 2.68, 2.72, 2.78, 2.82, 2.88, 2.92, 2.97, 3.02, 3.08, 3.12, 3.18, 3.22, 3.28, 3.32, 3.38, 3.42, 3.47, 3.52, 3.58, 3.62, 3.68, 3.72, 3.78, 3.82, 3.88, 3.92, 3.97, 4.03, 4.07, 4.12, 4.17, 4.22, 4.28, 4.32, 4.38, 4.42, 4.47], "nz": [1.8250817910703294e-05, 2.1379744881391604e-05, 2.228628148011639e-05, 2.5373895251550995e-05, 2.8976319031030104e-05, 2.588169157577399e-05, 3.085197405487104e-05, 3.04168650559432e-05, 2.908343607835798e-05, 3.25366802908369e-05, 3.1555457376281006e-05, 3.4708218181520316e-05, 3.814175390701689e-05, 3.605953338446549e-05, 3.490386013709607e-05, 3.370118042666975e-05, 3.4070422378267186e-05, 3.857370304065503e-05, 3.4895021168033266e-05, 3.661128356501909e-05, 3.607503530321376e-05, 3.324098582115691e-05, 3.191865658161757e-05, 3.388247815751891e-05, 3.368643460113304e-05, 3.0322323850929376e-05, 2.807468422437907e-05, 2.804365118860618e-05, 2.4348600853417454e-05, 2.472434746346394e-05, 2.281602722996973e-05, 2.1979987104922904e-05, 2.203963427140702e-05, 2.0135987687807283e-05, 1.927924205518849e-05, 1.9218743219422215e-05, 1.6833646409216843e-05, 1.6553491469278783e-05, 1.4530499708295886e-05, 1.3208466304345863e-05, 1.2031287300596295e-05, 1.2176221381223756e-05, 9.615712320390629e-06, 9.325514458813076e-06, 8.622968100872311e-06, 8.32188304851507e-06, 6.177086520495511e-06, 6.470260929156514e-06, 5.811213540336076e-06, 6.019090236830535e-06, 4.713169253258681e-06, 5.019187789431612e-06, 4.0330981728085015e-06, 3.750247807206464e-06, 3.76366747389575e-06, 3.0361490491729285e-06, 2.3664230946480874e-06, 2.1357099047795304e-06, 0.0, 0.0, 0.0, 0.0, 0.0, 0.0, 0.0, 0.0, 0.0, 0.0, 0.0, 0.0, 0.0, 0.0, 0.0, 0.0, 0.0, 0.0, 0.0, 0.0]}, "BGS_ANY": {"z": [0.02, 0.04, 0.06, 0.08, 0.1, 0.12, 0.14, 0.16, 0.18, 0.2, 0.22, 0.24, 0.26, 0.28, 0.3, 0.32, 0.34, 0.36, 0.38, 0.4, 0.42, 0.44, 0.46, 0.48, 0.5, 0.52, 0.54, 0.56, 0.58], "nz": [0.23856014398666267, 0.07400858947988415, 0.05219925219354314, 0.05758017511664104, 0.029833618640548627, 0.03257203253846644, 0.03455847005181699, 0.019691793986578266, 0.019746626134087973, 0.015772072751037616, 0.014592075627380865, 0.012564439931274252, 0.014025838278477216, 0.009258827177049225, 0.007456410199092992, 0.00599628826055159, 0.004582429281444333, 0.003552359492460145, 0.0028706637834977006, 0.0021969857011210963, 0.0018456037641599553, 0.0013096714137219357, 0.00089022780991887, 0.0006647153394939886, 0.0004639250081646802, 0.00036340999857778944, 0.00023180726209022772, 0.0001755073415976321, 9.482886661880216e-05]}, "BGS_BRIGHT": {"z": [0.02, 0.04, 0.06, 0.08, 0.1, 0.12, 0.14, 0.16, 0.18, 0.2, 0.22, 0.24, 0.26, 0.28, 0.3, 0.32, 0.34, 0.36, 0.38, 0.4, 0.42, 0.44, 0.46, 0.48, 0.5, 0.52, 0.54, 0.56, 0.58],